{"graph": {"_type": "graph-file", "sha256": "3fbe27ffa1e54cf91604a98c9f1a88f6e47ae784f12818e45fcde601f9a21cd4", "size": 6617, "path": "media/graph/graph_summary_3fbe27ffa1e54cf91604.graph.json"}, "epoch": 9, "_timestamp": 1683351740.4865978, "loss": "<segmentation_models.base.objects.SumOfLosses object at 0x0000025A7C3B2B90>", "accuracy": "__main__.jaccard_coef", "jaccard_coef": 0.6442214846611023, "val_loss": 0.9371324777603149, "val_accuracy": 0.792316734790802, "val_jaccard_coef": 0.62096107006073, "_runtime": 475.40673089027405, "_step": 10, "best_val_loss": 0.9343816637992859, "best_epoch": 7, "_wandb": {"runtime": 524}}