{"graph": {"_type": "graph-file", "sha256": "3fbe27ffa1e54cf91604a98c9f1a88f6e47ae784f12818e45fcde601f9a21cd4", "size": 6617, "path": "media/graph/graph_summary_3fbe27ffa1e54cf91604.graph.json"}, "epoch": 6, "_timestamp": 1683352086.1721003, "loss": 0.9136377573013306, "accuracy": 0.8555495142936707, "jaccard_coef": 0.6979638338088989, "val_loss": 0.9207424521446228, "val_accuracy": 0.8374089598655701, "val_jaccard_coef": 0.6915299892425537, "_runtime": 251.04875135421753, "_step": 6, "best_val_loss": 0.9207424521446228, "best_epoch": 6}